term,sumsq,df,statistic,p.value
batch,15.224138137050815,4,87.62037851722448,2.7281742784173294e-63
prot1,0.015026442015233954,1,0.3459302655531415,0.5565674267455591
prot2,0.013429859316381965,1,0.3091746399412045,0.5783195666398504
season,0.05908871832637885,3,0.45343570578486825,0.7149262670673295
cov1,0.016477466518487915,1,0.379334932554543,0.5381086443761562
Residuals,40.78807337005655,939,NA,NA
