term,sumsq,df,statistic,p.value
batch,14.801236653219775,4,87.62933148363155,2.6930315606904506e-63
prot1,0.01224007652735537,1,0.2898648940032498,0.5904347189150775
prot2,0.012676871403179746,1,0.3002089061586502,0.5838817041941575
season,0.06237687888767596,3,0.4923952707490778,0.6876326760165989
cov1,0.015420330385005343,1,0.3651784711112772,0.5457901921411388
Residuals,39.65099636749332,939,NA,NA
