term,sumsq,df,statistic,p.value
batch,0.18472246741999498,4,0.9665831302956974,0.42493416467229406
prot1,3.234395130502058,1,67.69748831355069,6.322592562205904e-16
prot2,0.003676358042788763,1,0.07694799045764333,0.7815378716158968
season,0.23080961885236206,3,1.610319791332715,0.18537267022983986
cov1,2.080126193959586e-6,1,4.353806910549953e-5,0.994736727422632
Residuals,44.86277265523765,939,NA,NA
