term,sumsq,df,statistic,p.value
batch,0.22290475534800436,4,0.9996011460241088,0.40679663384376097
prot1,3.7896976773655098,1,67.97856125528158,5.535526419569154e-16
prot2,0.009796270525271211,1,0.17572282347292634,0.6751709177551827
season,0.2315105801612134,3,1.3842578392405576,0.24614239678459365
cov1,5.659234292991755e-4,1,0.010151379814327755,0.9197672071580738
Residuals,52.34777043431079,939,NA,NA
