term,sumsq,df,statistic,p.value
batch,5.463625575190072,4,72.94887524837196,3.39947151861068e-54
prot1,1.635734920490961e-4,1,0.008735959008329342,0.9255520102360018
prot2,0.004711621174251945,1,0.25163325013986587,0.6160390405324434
season,19.106983243474144,3,340.14847657941596,1.0151385250285658e-151
cov1,0.007734559181972855,1,0.4130791066130179,0.5205597621187201
Residuals,18.518193993620123,989,NA,NA
