term,sumsq,df,statistic,p.value
batch,5.400716667815775,4,72.35475494645645,8.463297374267391e-54
prot1,2.4765738966081585e-4,1,0.013271712509098916,0.9083076700986226
prot2,0.006585262503723044,1,0.3528976497170484,0.5526132589736477
season,19.084081758373138,3,340.89896926307455,5.838062498296331e-152
cov1,0.006661188892316261,1,0.3569664691560459,0.5503325925849525
Residuals,18.455279091272047,989,NA,NA
